Seats,CRN,SUBJ,CRSE,TITLE,CR HRS,XLST CAP,ENR,LINK,XLST GROUP,SCHED TYPE,,CAMPUS,INSM,PRINT?,TIME,DAYS,BLDG,ROOM,OVERRIDE,INSTRUCTOR,,OVERALL CAP,OVERALL ENR,,,PTRM START,PTRM END,WL CAP,WL,WL REMAIN,NOTES,COMMENTS,COLL
"13","32193","CS","112","INFO LIT FORMER ENGN MAJORS","1","25","11","","SC201","A","I","B","ASYN","Y","HOURS ARR","","WEB2","","","GUPTA,REKHA","","25","12","1","ASYN","13-MAY-24","22-JUN-24","20","0","20"
"13","32194","CS","112","INFO LIT FORMER ENGN MAJORS","1","25","1","","SC201","A","I","E","ASYN","Y","HOURS ARR","","WEB5","","","GUPTA,REKHA","","25","12","1","ASYN","13-MAY-24","22-JUN-24","20","0","20"
"13","32195","CS","112","INFO LIT FORMER ENGN MAJORS","1","25","0","","SC201","A","I","H","ASYN","Y","HOURS ARR","","WEB7","","","GUPTA,REKHA","","25","12","1","ASYN","13-MAY-24","22-JUN-24","20","0","20"
"11","36715","CS","115","INTRO TO CS WITH PYTHON","1","12","1","","SC272","A","I","B","SYNC","Y"," 230- 500PM","W","WC2","","","JAYARATHNA,SAMPATH","","25","2","2","SYNC","24-JUN-24","03-AUG-24","20","0","20"
"23","36716","CS","115","INTRO TO CS WITH PYTHON","1","25","1","","SC272","A","I","E","SYNC","Y"," 230- 500PM","W","WC5","","","JAYARATHNA,SAMPATH","","25","2","2","SYNC","24-JUN-24","03-AUG-24","20","0","20"
"23","36717","CS","115","INTRO TO CS WITH PYTHON","1","25","0","","SC272","A","I","H","SYNC","Y"," 230- 500PM","W","WC7","","","JAYARATHNA,SAMPATH","","25","2","2","SYNC","24-JUN-24","03-AUG-24","20","0","20"
"26","31484","CS","120G","INTRO INFO LITERACY & RSCH (A)","3","30","2","A2","SC167","30","I","B","ASYN","Y","HOURS ARR","","WEB2","","","GUPTA,REKHA","","30","4","1","ASYN","13-MAY-24","22-JUN-24","20","0","20"
"26","31485","CS","120G","INTRO INFO LITERACY & RSCH (A)","3","30","1","B2","SC167","30","I","E","ASYN","Y","HOURS ARR","","WEB5","","","GUPTA,REKHA","","30","4","1","ASYN","13-MAY-24","22-JUN-24","20","0","20"
"26","31486","CS","120G","INTRO INFO LITERACY & RSCH (A)","3","30","1","C2","SC167","30","I","H","ASYN","Y","HOURS ARR","","WEB7","","","GUPTA,REKHA","","30","4","1","ASYN","13-MAY-24","22-JUN-24","20","0","20"
"26","31487","CS","120G","INTR INFO LITERCY&RSCH REC (A)","0","30","2","A3","SC170","C","I","B","SYNC","Y"," 600- 650PM","M","WC2","","","GUPTA,REKHA","","30","4","1","SYNC","13-MAY-24","22-JUN-24","20","0","20"
"26","31488","CS","120G","INTR INFO LITERCY&RSCH REC (A)","0","30","1","B3","SC170","C","I","E","SYNC","Y"," 600- 650PM","M","WC5","","O","GUPTA,REKHA","","30","4","1","SYNC","13-MAY-24","22-JUN-24","20","0","20"
"26","31489","CS","120G","INTR INFO LITERCY&RSCH REC (A)","0","30","1","C3","SC170","C","I","H","SYNC","Y"," 600- 650PM","M","WC7","","O","GUPTA,REKHA","","30","4","1","SYNC","13-MAY-24","22-JUN-24","20","0","20"
"30","31490","CS","120G","INTRO INFO LITERACY & RSCH (B)","3","30","0","L2","SC172","30","I","B","ASYN","Y","HOURS ARR","","WEB2","","","GUPTA,REKHA","","30","0","2","ASYN","24-JUN-24","03-AUG-24","20","0","20"
"30","31491","CS","120G","INTRO INFO LITERACY & RSCH (B)","3","30","0","M2","SC172","30","I","E","ASYN","Y","HOURS ARR","","WEB5","","","GUPTA,REKHA","","30","0","2","ASYN","24-JUN-24","03-AUG-24","20","0","20"
"30","31492","CS","120G","INTRO INFO LITERACY & RSCH (B)","3","30","0","N2","SC172","30","I","H","ASYN","Y","HOURS ARR","","WEB7","","","GUPTA,REKHA","","30","0","2","ASYN","24-JUN-24","03-AUG-24","20","0","20"
"30","31493","CS","120G","INTR INFO LITERCY&RSCH REC (B)","0","30","0","L3","SC182","C","I","B","SYNC","Y"," 600- 650PM","M","WC2","","","GUPTA,REKHA","","30","0","2","SYNC","24-JUN-24","03-AUG-24","20","0","20"
"30","31494","CS","120G","INTR INFO LITERCY&RSCH REC (B)","0","30","0","M3","SC182","C","I","E","SYNC","Y"," 600- 650PM","M","WC5","","O","GUPTA,REKHA","","30","0","2","SYNC","24-JUN-24","03-AUG-24","20","0","20"
"30","31495","CS","120G","INTRO INFO LITERACY & RESEARCH","0","30","0","N3","SC182","C","I","H","SYNC","Y"," 600- 650PM","M","WC7","","O","GUPTA,REKHA","","30","0","2","SYNC","24-JUN-24","03-AUG-24","20","0","20"
"0","31988","CS","121G","INTR INFO LIT/RSCH FOR SCI (D)","3","30","25","A2","SC208","30","I","B","ASYN","Y","HOURS ARR","","WEB2","","","GUPTA,AJAY","","30","30","1","ASYN","13-MAY-24","22-JUN-24","20","1","19"
"0","31989","CS","121G","INTR INFO LIT/RSCH FOR SCI (D)","3","30","3","B2","SC208","30","I","E","ASYN","Y","HOURS ARR","","WEB5","","","GUPTA,AJAY","","30","30","1","ASYN","13-MAY-24","22-JUN-24","20","0","20"
"0","31990","CS","121G","INTR INFO LIT/RSCH FOR SCI (D)","3","30","2","C2","SC208","30","I","H","ASYN","Y","HOURS ARR","","WEB7","","","GUPTA,AJAY","","30","30","1","ASYN","13-MAY-24","22-JUN-24","20","0","20"
"0","31991","CS","121G","INTR INFO LIT/RSCH SCI REC (D)","0","30","25","A3","SC191","C","I","B","SYNC","Y"," 600- 650PM","M","WC2","","","GUPTA,AJAY","","30","30","1","SYNC","13-MAY-24","22-JUN-24","20","1","19"
"0","31992","CS","121G","INTR INFO LIT/RSCH SCI REC (D)","0","30","3","B3","SC191","C","I","E","SYNC","Y"," 600- 650PM","M","WC5","","O","GUPTA,AJAY","","30","30","1","SYNC","13-MAY-24","22-JUN-24","20","0","20"
"0","31993","CS","121G","INTR INFO LIT/RSCH SCI REC (D)","0","30","2","C3","SC191","C","I","H","SYNC","Y"," 600- 650PM","M","WC7","","O","GUPTA,AJAY","","30","30","1","SYNC","13-MAY-24","22-JUN-24","20","0","20"
"1","31994","CS","121G","INTR INFO LIT/RSCH FOR SCI (C)","3","30","26","D2","SC183","30","I","B","ASYN","Y","HOURS ARR","","WEB2","","","GUPTA,AJAY","","30","29","2","ASYN","24-JUN-24","03-AUG-24","20","0","20"
"1","31995","CS","121G","INTR INFO LIT/RSCH FOR SCI (C)","3","30","1","E2","SC183","30","I","E","ASYN","Y","HOURS ARR","","WEB5","","","GUPTA,AJAY","","30","29","2","ASYN","24-JUN-24","03-AUG-24","20","0","20"
"1","31996","CS","121G","INTR INFO LIT/RSCH FOR SCI (C)","3","30","2","F2","SC183","30","I","H","ASYN","Y","HOURS ARR","","WEB7","","","GUPTA,AJAY","","30","29","2","ASYN","24-JUN-24","03-AUG-24","20","0","20"
"1","31997","CS","121G","INTR INFO LIT/RSCH SCI REC (C)","0","30","26","D3","SC192","C","I","B","SYNC","Y"," 600- 650PM","M","WC2","","","GUPTA,AJAY","","30","29","2","SYNC","24-JUN-24","03-AUG-24","20","0","20"
"1","31998","CS","121G","INTR INFO LIT/RSCH SCI REC (C)","0","30","1","E3","SC192","C","I","E","SYNC","Y"," 600- 650PM","M","WC5","","O","GUPTA,AJAY","","30","29","2","SYNC","24-JUN-24","03-AUG-24","20","0","20"
"1","31999","CS","121G","INTR INFO LIT/RSCH SCI REC (C)","0","30","2","F3","SC192","C","I","H","SYNC","Y"," 600- 650PM","M","WC7","","O","GUPTA,AJAY","","30","29","2","SYNC","24-JUN-24","03-AUG-24","20","0","20"
"18","36013","CS","151","INTRO PROGRAMMING WITH JAVA","4","40","12","M1","SC013","A","I","B","ASYN","Y","HOURS ARR","","WEB2","","","IBRAHIM,SOAD","","40","22","3","ASYN","13-MAY-24","02-AUG-24","0","0","0"
"18","36014","CS","151","INTRO PROGRAMMING WITH JAVA","4","40","7","N1","SC013","A","I","E","ASYN","Y","HOURS ARR","","WEB5","","","IBRAHIM,SOAD","","40","22","3","ASYN","13-MAY-24","02-AUG-24","0","0","0"
"18","36015","CS","151","INTRO PROGRAMMING WITH JAVA","4","40","3","L1","SC013","A","I","H","ASYN","Y","HOURS ARR","","WEB7","","","IBRAHIM,SOAD","","40","22","3","ASYN","13-MAY-24","02-AUG-24","0","0","0"
"18","36016","CS","151","INTRO PROGRAMING WITH JAVA LAB","0","40","12","M2","SC011","B","I","B","SYNC","Y"," 420- 700PM","W","WC2","","","IBRAHIM,SOAD","","40","22","3","SYNC","13-MAY-24","02-AUG-24","20","0","20"
"18","36017","CS","151","INTRO PROGRAMING WITH JAVA LAB","0","40","7","N2","SC011","B","I","E","SYNC","Y"," 420- 700PM","W","WC5","","O","IBRAHIM,SOAD","","40","22","3","SYNC","13-MAY-24","02-AUG-24","20","0","20"
"18","36018","CS","151","INTRO PROGRAMING WITH JAVA LAB","0","40","3","L2","SC011","B","I","H","SYNC","Y"," 420- 700PM","W","WC7","","O","IBRAHIM,SOAD","","40","22","3","SYNC","13-MAY-24","02-AUG-24","20","0","20"
"18","36019","CS","151","INTRO PROGRAMING WITH JAVA REC","0","40","12","M3","SC012","C","I","B","SYNC","Y"," 710- 800PM","W","WC2","","","IBRAHIM,SOAD","","40","22","3","SYNC","13-MAY-24","02-AUG-24","20","0","20"
"18","36020","CS","151","INTRO PROGRAMING WITH JAVA REC","0","40","7","N3","SC012","C","I","E","SYNC","Y"," 710- 800PM","W","WC5","","O","IBRAHIM,SOAD","","40","22","3","SYNC","13-MAY-24","02-AUG-24","20","0","20"
"18","36021","CS","151","INTRO PROGRAMING WITH JAVA REC","0","40","3","L3","SC012","C","I","H","SYNC","Y"," 710- 800PM","W","WC7","","O","IBRAHIM,SOAD","","40","22","3","SYNC","13-MAY-24","02-AUG-24","20","0","20"
"11","36661","CS","153","INTRO PROGRAMMING WITH PYTHON","4","15","4","B1","SC269","A","I","B","SYNC","Y"," 700- 840PM","TR","WC2","","","HOSNI,SARAH","","25","6","3","SYNC","13-MAY-24","02-AUG-24","20","0","20"
"19","36663","CS","153","INTRO PROGRAMMING WITH PYTHON","4","25","1","C1","SC269","A","I","E","SYNC","Y"," 700- 840PM","TR","WC5","","","HOSNI,SARAH","","25","6","3","SYNC","13-MAY-24","02-AUG-24","20","0","20"
"19","36664","CS","153","INTRO PROGRAMMING WITH PYTHON","4","25","1","D1","SC269","A","I","H","SYNC","Y"," 700- 840PM","TR","WC7","","","HOSNI,SARAH","","25","6","3","SYNC","13-MAY-24","02-AUG-24","20","0","20"
"11","36665","CS","153","INTRO PROGRAM WITH PYTHON LAB","0","15","4","B2","SC270","B","I","B","SYNC","Y"," 700- 900PM","F","WC2","","","HOSNI,SARAH","","25","6","3","SYNC","13-MAY-24","02-AUG-24","20","0","20"
"19","36666","CS","153","INTRO PROGRAM WITH PYTHON LAB","0","25","1","C2","SC270","B","I","E","SYNC","Y"," 700- 900PM","F","WC5","","","HOSNI,SARAH","","25","6","3","SYNC","13-MAY-24","02-AUG-24","20","0","20"
"19","36667","CS","153","INTRO PROGRAM WITH PYTHON LAB","0","25","1","D2","SC270","B","I","H","SYNC","Y"," 700- 900PM","F","WC7","","","HOSNI,SARAH","","25","6","3","SYNC","13-MAY-24","02-AUG-24","20","0","20"
"11","36668","CS","153","INTRO PROGRAM WITH PYTHON REC","0","15","4","B3","SC271","C","I","B","SYNC","Y"," 700- 800PM","W","WC2","","","HOSNI,SARAH","","25","6","3","SYNC","13-MAY-24","02-AUG-24","20","0","20"
"19","36669","CS","153","INTRO PROGRAM WITH PYTHON REC","0","25","1","C3","SC271","C","I","E","SYNC","Y"," 700- 800PM","W","WC5","","","HOSNI,SARAH","","25","6","3","SYNC","13-MAY-24","02-AUG-24","20","0","20"
"19","36670","CS","153","INTRO PROGRAM WITH PYTHON REC","0","25","1","D3","SC271","C","I","H","SYNC","Y"," 700- 800PM","W","WC7","","","HOSNI,SARAH","","25","6","3","SYNC","13-MAY-24","02-AUG-24","20","0","20"
"0","34534","CS","170","INTRO COMPUTER ARCHITECTURE I","3","30","15","","SC247","A","I","B","ASYN","Y","HOURS ARR","","WEB2","","","IBRAHIM,SOAD","","30","30","3","ASYN","13-MAY-24","02-AUG-24","20","0","20"
"0","34535","CS","170","INTRO COMPUTER ARCHITECTURE I","3","30","12","","SC247","A","I","E","ASYN","Y","HOURS ARR","","WEB5","","","IBRAHIM,SOAD","","30","30","3","ASYN","13-MAY-24","02-AUG-24","20","0","20"
"0","34536","CS","170","INTRO COMPUTER ARCHITECTURE I","3","30","3","","SC247","A","I","H","ASYN","Y","HOURS ARR","","WEB7","","","IBRAHIM,SOAD","","30","30","3","ASYN","13-MAY-24","02-AUG-24","20","0","20"
"0","36022","CS","251","PROGRAMMING WITH JAVA","4","25","10","Q1","SC014","A","I","B","ASYN","Y","HOURS ARR","","WEB2","","","EL MESALAMI,AYMAN","","25","25","3","ASYN","13-MAY-24","02-AUG-24","0","0","0"
"0","36024","CS","251","PROGRAMMING WITH JAVA","4","25","11","S1","SC014","A","I","E","ASYN","Y","HOURS ARR","","WEB5","","","EL MESALAMI,AYMAN","","25","25","3","ASYN","13-MAY-24","02-AUG-24","0","0","0"
"0","36025","CS","251","PROGRAMMING WITH JAVA","4","25","4","U1","SC014","A","I","H","ASYN","Y","HOURS ARR","","WEB7","","","EL MESALAMI,AYMAN","","25","25","3","ASYN","13-MAY-24","02-AUG-24","0","0","0"
"3","36028","CS","251","PROGRAMMING WITH JAVA LAB","0","25","11","Q2","SC015","B","I","B","SYNC","Y","1000-1230PM","W","WC2","","","EL MESALAMI,AYMAN","","25","22","3","SYNC","13-MAY-24","02-AUG-24","20","0","20"
"3","36029","CS","251","PROGRAMMING WITH JAVA LAB","0","25","9","S2","SC015","B","I","E","SYNC","Y","1000-1230PM","W","WC5","","O","EL MESALAMI,AYMAN","","25","22","3","SYNC","13-MAY-24","02-AUG-24","20","0","20"
"3","36030","CS","251","PROGRAMMING WITH JAVA LAB","0","25","2","U2","SC015","B","I","H","SYNC","Y","1000-1230PM","W","WC7","","O","EL MESALAMI,AYMAN","","25","22","3","SYNC","13-MAY-24","02-AUG-24","20","0","20"
"1","36031","CS","251","PROGRAMMING WITH JAVA REC","0","25","11","Q3","SC016","C","I","B","SYNC","Y","1245- 135PM","W","WC2","","","EL MESALAMI,AYMAN","","25","24","3","SYNC","13-MAY-24","02-AUG-24","20","0","20"
"1","36032","CS","251","PROGRAMMING WITH JAVA REC","0","25","9","S3","SC016","C","I","E","SYNC","Y","1245- 135PM","W","WC5","","O","EL MESALAMI,AYMAN","","25","24","3","SYNC","13-MAY-24","02-AUG-24","20","0","20"
"1","36033","CS","251","PROGRAMMING WITH JAVA REC","0","25","4","U3","SC016","C","I","H","SYNC","Y","1245- 135PM","W","WC7","","O","EL MESALAMI,AYMAN","","25","24","3","SYNC","13-MAY-24","02-AUG-24","20","0","20"
"15","36034","CS","251","PROGRAMMING WITH JAVA","4","25","7","Q1","SC187","A","I","B","ASYN","Y","HOURS ARR","","WEB2","","","EL MESALAMI,AYMAN","","25","10","3","ASYN","13-MAY-24","02-AUG-24","0","0","0"
"15","36035","CS","251","PROGRAMMING WITH JAVA","4","25","3","S1","SC187","A","I","E","ASYN","Y","HOURS ARR","","WEB5","","","EL MESALAMI,AYMAN","","25","10","3","ASYN","13-MAY-24","02-AUG-24","0","0","0"
"15","36036","CS","251","PROGRAMMING WITH JAVA","4","25","0","U1","SC187","A","I","H","ASYN","Y","HOURS ARR","","WEB7","","","EL MESALAMI,AYMAN","","25","10","3","ASYN","13-MAY-24","02-AUG-24","0","0","0"
"12","36037","CS","251","PROGRAMMING WITH JAVA LAB","0","25","6","Q2","SC202","B","I","B","SYNC","Y","1000-1230PM","T","WC2","","","EL MESALAMI,AYMAN","","25","13","3","SYNC","13-MAY-24","02-AUG-24","20","0","20"
"12","36038","CS","251","PROGRAMMING WITH JAVA LAB","0","25","5","S2","SC202","B","I","E","SYNC","Y","1000-1230PM","T","WC5","","O","EL MESALAMI,AYMAN","","25","13","3","SYNC","13-MAY-24","02-AUG-24","20","0","20"
"12","36039","CS","251","PROGRAMMING WITH JAVA LAB","0","25","2","U2","SC202","B","I","H","SYNC","Y","1000-1230PM","T","WC7","","O","EL MESALAMI,AYMAN","","25","13","3","SYNC","13-MAY-24","02-AUG-24","20","0","20"
"14","36040","CS","251","PROGRAMMING WITH JAVA REC","0","25","6","Q3","SC203","C","I","B","SYNC","Y","1245- 135PM","T","WC2","","","EL MESALAMI,AYMAN","","25","11","3","SYNC","13-MAY-24","02-AUG-24","20","0","20"
"14","36041","CS","251","PROGRAMMING WITH JAVA REC","0","25","5","S3","SC203","C","I","E","SYNC","Y","1245- 135PM","T","WC5","","O","EL MESALAMI,AYMAN","","25","11","3","SYNC","13-MAY-24","02-AUG-24","20","0","20"
"14","36042","CS","251","PROGRAMMING WITH JAVA REC","0","25","0","U3","SC203","C","I","H","SYNC","Y","1245- 135PM","T","WC7","","O","EL MESALAMI,AYMAN","","25","11","3","SYNC","13-MAY-24","02-AUG-24","20","0","20"
"3","31516","CS","252","INTRO TO UNIX FOR PROGRAMMERS","1","60","29","","SC186","A","I","B","ASYN","Y","HOURS ARR","","WEB2","","","ZEIL,STEVEN","","60","57","3","ASYN","13-MAY-24","02-AUG-24","20","0","20"
"3","31517","CS","252","INTRO TO UNIX FOR PROGRAMMERS","1","60","22","","SC186","A","I","E","ASYN","Y","HOURS ARR","","WEB5","","","ZEIL,STEVEN","","60","57","3","ASYN","13-MAY-24","02-AUG-24","20","0","20"
"3","31518","CS","252","INTRO TO UNIX FOR PROGRAMMERS","1","60","6","","SC186","A","I","H","ASYN","Y","HOURS ARR","","WEB7","","","ZEIL,STEVEN","","60","57","3","ASYN","13-MAY-24","02-AUG-24","20","0","20"
"10","36651","CS","261","JAVA FOR PROGRAMMERS","1","12","2","","SC267","A","I","B","ASYN","Y","HOURS ARR","","WEB2","","","ZEIL,STEVEN","","25","5","2","ASYN","24-JUN-24","03-AUG-24","20","0","20"
"20","36652","CS","261","JAVA FOR PROGRAMMERS","1","25","3","","SC267","A","I","E","ASYN","Y","HOURS ARR","","WEB5","","","ZEIL,STEVEN","","25","5","2","ASYN","24-JUN-24","03-AUG-24","20","0","20"
"20","36653","CS","261","JAVA FOR PROGRAMMERS","1","25","0","","SC267","A","I","H","ASYN","Y","HOURS ARR","","WEB7","","","ZEIL,STEVEN","","25","5","2","ASYN","24-JUN-24","03-AUG-24","20","0","20"
"19","36403","CS","263","PYTHON FOR PROGRAMMERS","1","20","1","","SC225","A","I","B","ASYN","Y","HOURS ARR","","WEB2","","","KENNEDY,THOMAS","","30","3","3","ASYN","13-MAY-24","02-AUG-24","20","0","20"
"27","36406","CS","263","PYTHON FOR PROGRAMMERS","1","30","2","","SC225","A","I","E","ASYN","Y","HOURS ARR","","WEB5","","","KENNEDY,THOMAS","","30","3","3","ASYN","13-MAY-24","02-AUG-24","20","0","20"
"27","36407","CS","263","PYTHON FOR PROGRAMMERS","1","30","0","","SC225","A","I","H","ASYN","Y","HOURS ARR","","WEB7","","","KENNEDY,THOMAS","","30","3","3","ASYN","13-MAY-24","02-AUG-24","20","0","20"
"3","34330","CS","270","INTRO COMPUTER ARCHITECTURE II","3","30","12","","SC060","A","I","B","ASYN","Y","HOURS ARR","","WEB2","","","ZEHRA,SUSAN","","30","27","1","ASYN","13-MAY-24","22-JUN-24","20","0","20"
"3","34331","CS","270","INTRO COMPUTER ARCHITECTURE II","3","30","11","","SC060","A","I","E","ASYN","Y","HOURS ARR","","WEB5","","","ZEHRA,SUSAN","","30","27","1","ASYN","13-MAY-24","22-JUN-24","20","0","20"
"3","34332","CS","270","INTRO COMPUTER ARCHITECTURE II","3","30","4","","SC060","A","I","H","ASYN","Y","HOURS ARR","","WEB7","","","ZEHRA,SUSAN","","30","27","1","ASYN","13-MAY-24","22-JUN-24","20","0","20"
"20","35206","CS","330","OBJECT-ORIENTED DESIGN/PROGRAM","3","20","0","","SC218","A","I","B","ASYN","N","HOURS ARR","","WEB2","","","STAFF","","30","0","3","ASYN","13-MAY-24","02-AUG-24","20","0","20"
"20","35207","CS","330","OBJECT-ORIENTED DESIGN/PROGRAM","3","20","0","","SC218","A","I","E","ASYN","N","HOURS ARR","","WEB5","","","STAFF","","30","0","3","ASYN","13-MAY-24","02-AUG-24","20","0","20"
"10","35208","CS","330","OBJECT-ORIENTED DESIGN/PROGRAM","3","10","0","","SC218","A","I","H","ASYN","N","HOURS ARR","","WEB7","","","STAFF","","30","0","3","ASYN","13-MAY-24","02-AUG-24","20","0","20"
"2","35584","CS","330","OBJECT-ORIENTED DESIGN/PROGRAM","3","30","14","","SC006","A","I","B","ASYN","Y","HOURS ARR","","WEB2","","","KENNEDY,THOMAS","","30","28","3","ASYN","13-MAY-24","02-AUG-24","20","0","20"
"2","35585","CS","330","OBJECT-ORIENTED DESIGN/PROGRAM","3","30","10","","SC006","A","I","E","ASYN","Y","HOURS ARR","","WEB5","","","KENNEDY,THOMAS","","30","28","3","ASYN","13-MAY-24","02-AUG-24","20","0","20"
"2","35586","CS","330","OBJECT-ORIENTED DESIGN/PROGRAM","3","30","4","","SC006","A","I","H","ASYN","Y","HOURS ARR","","WEB7","","","KENNEDY,THOMAS","","30","28","3","ASYN","13-MAY-24","02-AUG-24","20","0","20"
"0","31496","CS","350","INTR TO SOFTWARE ENGINEERING","3","30","20","A1","SC193","A","I","B","ASYN","Y","HOURS ARR","","WEB2","","","KENNEDY,THOMAS","","30","30","3","ASYN","13-MAY-24","02-AUG-24","0","0","0"
"0","31497","CS","350","INTR TO SOFTWARE ENGINEERING","3","30","8","B1","SC193","A","I","E","ASYN","Y","HOURS ARR","","WEB5","","","KENNEDY,THOMAS","","30","30","3","ASYN","13-MAY-24","02-AUG-24","0","0","0"
"0","31498","CS","350","INTR TO SOFTWARE ENGINEERING","3","30","2","C1","SC193","A","I","H","ASYN","Y","HOURS ARR","","WEB7","","","KENNEDY,THOMAS","","30","30","3","ASYN","13-MAY-24","02-AUG-24","0","0","0"
"0","31499","CS","350","INTR TO SOFTWARE ENGIN REC","0","24","20","A3","SC184","C","I","B","SYNC","Y"," 350- 550PM","R","WC2","","","KENNEDY,THOMAS","","30","30","3","SYNC","13-MAY-24","02-AUG-24","20","0","20"
"0","31500","CS","350","INTR TO SOFTWARE ENGIN REC","0","24","10","B3","SC184","C","I","E","SYNC","Y"," 350- 550PM","R","WC5","","O","KENNEDY,THOMAS","","30","30","3","SYNC","13-MAY-24","02-AUG-24","20","0","20"
"0","31501","CS","350","INTR TO SOFTWARE ENGIN REC","0","24","0","C3","SC184","C","I","H","SYNC","Y"," 350- 550PM","R","WC7","","O","KENNEDY,THOMAS","","30","30","3","SYNC","13-MAY-24","02-AUG-24","20","0","20"
"1","33991","CS","350","INTRO TO SOFTWARE ENGIN REC","0","24","20","A3","SC017","C","I","B","SYNC","Y"," 350- 550PM","T","WC2","","O","KENNEDY,THOMAS","","30","29","3","SYNC","13-MAY-24","02-AUG-24","20","0","20"
"1","33992","CS","350","INTRO TO SOFTWARE ENGIN REC","0","24","7","B3","SC017","C","I","E","SYNC","Y"," 350- 550PM","T","WC5","","O","KENNEDY,THOMAS","","30","29","3","SYNC","13-MAY-24","02-AUG-24","20","0","20"
"1","33993","CS","350","INTRO TO SOFTWARE ENGIN REC","0","24","2","C3","SC017","C","I","H","SYNC","Y"," 350- 550PM","T","WC7","","O","KENNEDY,THOMAS","","30","29","3","SYNC","13-MAY-24","02-AUG-24","20","0","20"
"1","35151","CS","350","INTRO TO SOFTWARE ENGINEERING","3","30","20","A1","SC123","A","I","B","ASYN","Y","HOURS ARR","","WEB2","","","KENNEDY,THOMAS","","30","29","3","ASYN","13-MAY-24","02-AUG-24","0","0","0"
"1","35152","CS","350","INTRO TO SOFTWARE ENGINEERING","3","30","9","B1","SC123","A","I","E","ASYN","Y","HOURS ARR","","WEB5","","","KENNEDY,THOMAS","","30","29","3","ASYN","13-MAY-24","02-AUG-24","0","0","0"
"1","35153","CS","350","INTRO TO SOFTWARE ENGINEERING","3","30","0","C1","SC123","A","I","H","ASYN","Y","HOURS ARR","","WEB7","","","KENNEDY,THOMAS","","30","29","3","ASYN","13-MAY-24","02-AUG-24","0","0","0"
"5","30070","CS","355","PRINCIP-PROGRAMMING LANGUAGES","3","35","17","","SC207","A","I","B","ASYN","Y","HOURS ARR","","WEB2","","","MORRIS,JAY","","35","30","1","ASYN","13-MAY-24","22-JUN-24","20","0","20"
"5","32247","CS","355","PRINCIP-PROGRAMMING LANGUAGES","3","35","11","","SC207","A","I","E","ASYN","Y","HOURS ARR","","WEB5","","","MORRIS,JAY","","35","30","1","ASYN","13-MAY-24","22-JUN-24","20","0","20"
"5","32248","CS","355","PRINCIP-PROGRAMMING LANGUAGES","3","35","2","","SC207","A","I","H","ASYN","Y","HOURS ARR","","WEB7","","","MORRIS,JAY","","35","30","1","ASYN","13-MAY-24","22-JUN-24","20","0","20"
"1","31698","CS","361","DATA STRUCTURES & ALGORITHMS","3","40","22","","SC188","A","I","B","ASYN","Y","HOURS ARR","","WEB2","","","ZEIL,STEVEN","","40","39","3","ASYN","13-MAY-24","02-AUG-24","20","0","20"
"1","31699","CS","361","DATA STRUCTURES & ALGORITHMS","3","40","13","","SC188","A","I","E","ASYN","Y","HOURS ARR","","WEB5","","","ZEIL,STEVEN","","40","39","3","ASYN","13-MAY-24","02-AUG-24","20","0","20"
"1","31700","CS","361","DATA STRUCTURES & ALGORITHMS","3","40","4","","SC188","A","I","H","ASYN","Y","HOURS ARR","","WEB7","","","ZEIL,STEVEN","","40","39","3","ASYN","13-MAY-24","02-AUG-24","20","0","20"
"40","32721","CS","361","DATA STRUCTURES & ALGORITHMS","3","40","0","","SC189","A","I","B","ASYN","N","HOURS ARR","","WEB2","","","STAFF","","50","0","3","ASYN","13-MAY-24","02-AUG-24","20","0","20"
"40","32722","CS","361","DATA STRUCTURES & ALGORITHMS","3","40","0","","SC189","A","I","E","ASYN","N","HOURS ARR","","WEB5","","","STAFF","","50","0","3","ASYN","13-MAY-24","02-AUG-24","20","0","20"
"40","32724","CS","361","DATA STRUCTURES & ALGORITHMS","3","40","0","","SC189","A","I","H","ASYN","N","HOURS ARR","","WEB7","","","STAFF","","50","0","3","ASYN","13-MAY-24","02-AUG-24","20","0","20"
"20","30071","CS","367","COOPERATIVE EDUCATION","1","20","0","","","J","","A","PRACT","Y","HOURS ARR","","TBA","TBA","","EL MESALAMI,AYMAN","IN","","0","2","ASYN","24-JUN-24","03-AUG-24","0","0","0"
"20","30072","CS","367","COOPERATIVE EDUCATION","2","20","0","","","J","","A","PRACT","Y","HOURS ARR","","TBA","TBA","","EL MESALAMI,AYMAN","IN","","0","2","ASYN","24-JUN-24","03-AUG-24","0","0","0"
"18","30073","CS","367","COOPERATIVE EDUCATION","3","20","2","","","J","","A","PRACT","Y","HOURS ARR","","TBA","TBA","","EL MESALAMI,AYMAN","IN","","2","2","ASYN","24-JUN-24","03-AUG-24","0","0","0"
"20","36698","CS","367","COOPERATIVE EDUCATION","3","20","0","","","J","I","E","ASYN","Y","HOURS ARR","","IND5","","","EL MESALAMI,AYMAN","IN","","0","2","ASYN","24-JUN-24","03-AUG-24","0","0","0"
"20","36699","CS","367","COOPERATIVE EDUCATION","3","20","0","","","J","I","H","ASYN","Y","HOURS ARR","","IND7","","","EL MESALAMI,AYMAN","IN","","0","2","ASYN","24-JUN-24","03-AUG-24","0","0","0"
"40","30074","CS","368","COMPUTER SCIENCE INTERNSHIP","1","40","0","","","J","","A","PRACT","Y","HOURS ARR","","TBA","TBA","","EL MESALAMI,AYMAN","IN","","0","2","ASYN","24-JUN-24","03-AUG-24","0","0","0"
"20","30075","CS","368","COMPUTER SCIENCE INTERNSHIP","2","20","0","","","J","","A","PRACT","Y","HOURS ARR","","TBA","TBA","","EL MESALAMI,AYMAN","IN","","0","2","ASYN","24-JUN-24","03-AUG-24","0","0","0"
"20","30076","CS","368","COMPUTER SCIENCE INTERNSHIP","3","20","0","","","J","","A","PRACT","Y","HOURS ARR","","TBA","TBA","","EL MESALAMI,AYMAN","IN","","0","2","ASYN","24-JUN-24","03-AUG-24","0","0","0"
"20","36700","CS","368","COMPUTER SCIENCE INTERNSHIP","3","20","0","","","J","I","E","ASYN","Y","HOURS ARR","","IND5","","","EL MESALAMI,AYMAN","IN","","0","2","ASYN","24-JUN-24","03-AUG-24","0","0","0"
"19","36701","CS","368","COMPUTER SCIENCE INTERNSHIP","3","20","1","","","J","I","H","ASYN","Y","HOURS ARR","","IND7","","","EL MESALAMI,AYMAN","IN","","1","2","ASYN","24-JUN-24","03-AUG-24","0","0","0"
"0","31453","CS","381","INTRO TO DISCRETE STRUCTURES","3","25","14","","SC059","A","I","B","ASYN","Y","HOURS ARR","","WEB2","","","EL MESALAMI,AYMAN","","25","25","3","ASYN","13-MAY-24","02-AUG-24","20","0","20"
"0","31454","CS","381","INTRO TO DISCRETE STRUCTURES","3","25","9","","SC059","A","I","E","ASYN","Y","HOURS ARR","","WEB5","","","EL MESALAMI,AYMAN","","25","25","3","ASYN","13-MAY-24","02-AUG-24","20","0","20"
"0","31455","CS","381","INTRO TO DISCRETE STRUCTURES","3","25","2","","SC059","A","I","H","ASYN","Y","HOURS ARR","","WEB7","","","EL MESALAMI,AYMAN","","25","25","3","ASYN","13-MAY-24","02-AUG-24","20","0","20"
"16","32359","CS","381","INTRO TO DISCRETE STRUCTURES","3","25","3","","SC214","A","I","B","ASYN","Y","HOURS ARR","","WEB2","","","EL MESALAMI,AYMAN","","25","9","3","ASYN","13-MAY-24","02-AUG-24","20","0","20"
"16","32363","CS","381","INTRO TO DISCRETE STRUCTURES","3","25","3","","SC214","A","I","E","ASYN","Y","HOURS ARR","","WEB5","","","EL MESALAMI,AYMAN","","25","9","3","ASYN","13-MAY-24","02-AUG-24","20","0","20"
"16","32364","CS","381","INTRO TO DISCRETE STRUCTURES","3","25","3","","SC214","A","I","H","ASYN","Y","HOURS ARR","","WEB7","","","EL MESALAMI,AYMAN","","25","9","3","ASYN","13-MAY-24","02-AUG-24","20","0","20"
"26","30077","CS","390","INTRO-THEORETICAL COMPUTER SCI","3","30","4","","","A","","A","TRAD","Y"," 115- 245PM","MTWRF","DRGS","1117","","MORRIS,JAY","","","4","1","CLAS","13-MAY-24","22-JUN-24","10","0","10"
"2","36049","CS","390","INTRO-THEORETICAL COMPUTER SCI","3","18","10","","SC263","A","I","B","ASYN","Y","HOURS ARR","","WEB2","","","IBRAHIM,SOAD","","30","28","3","ASYN","13-MAY-24","02-AUG-24","20","0","20"
"2","36050","CS","390","INTRO-THEORETICAL COMPUTER SCI","3","30","14","","SC263","A","I","E","ASYN","Y","HOURS ARR","","WEB5","","","IBRAHIM,SOAD","","30","28","3","ASYN","13-MAY-24","02-AUG-24","20","0","20"
"2","36051","CS","390","INTRO-THEORETICAL COMPUTER SCI","3","30","4","","SC263","A","I","H","ASYN","Y","HOURS ARR","","WEB7","","","IBRAHIM,SOAD","","30","28","3","ASYN","13-MAY-24","02-AUG-24","20","0","20"
"1","36043","CS","410","PROFESSIONAL WORKFORCE DEV I","3","15","14","A1","SC261","A","I","B","ASYN","Y","HOURS ARR","","WEB2","","","KENNEDY,THOMAS","","24","22","3","ASYN","13-MAY-24","02-AUG-24","0","0","0"
"2","36044","CS","410","PROFESSIONAL WORKFORCE DEV I","3","20","7","A1","SC261","A","I","E","ASYN","Y","HOURS ARR","","WEB5","","","KENNEDY,THOMAS","","24","22","3","ASYN","13-MAY-24","02-AUG-24","0","0","0"
"2","36045","CS","410","PROFESSIONAL WORKFORCE DEV I","3","20","1","A1","SC261","A","I","H","ASYN","Y","HOURS ARR","","WEB7","","","KENNEDY,THOMAS","","24","22","3","ASYN","13-MAY-24","02-AUG-24","0","0","0"
"1","36046","CS","410","PROFESSIONAL WORKFORCE DEV I","0","15","14","A3","SC262","C","I","B","SYNC","Y","1200- 150PM","R","WC2","","","KENNEDY,THOMAS","","24","22","3","SYNC","13-MAY-24","02-AUG-24","20","0","20"
"2","36047","CS","410","PROFESSIONAL WORKFORCE DEV I","0","20","7","A3","SC262","C","I","E","SYNC","Y","1200- 150PM","R","WC5","","O","KENNEDY,THOMAS","","24","22","3","SYNC","13-MAY-24","02-AUG-24","20","0","20"
"2","36048","CS","410","PROFESSIONAL WORKFORCE DEV I","0","20","1","A3","SC262","C","I","H","SYNC","Y","1200- 150PM","R","WC7","","O","KENNEDY,THOMAS","","24","22","3","SYNC","13-MAY-24","02-AUG-24","20","0","20"
"12","36587","CS","410","PROFESSIONAL WORKFORCE DEV I","0","15","3","X3","SC076","C","I","B","SYNC","Y"," 900-1100AM","M","WC2","","","EL MESALAMI,AYMAN","","24","7","3","SYNC","13-MAY-24","02-AUG-24","20","0","20"
"17","36588","CS","410","PROFESSIONAL WORKFORCE DEV I","0","20","3","Y3","SC076","C","I","E","SYNC","Y"," 900-1100AM","M","WC5","","","EL MESALAMI,AYMAN","","24","7","3","SYNC","13-MAY-24","02-AUG-24","20","0","20"
"9","36589","CS","410","PROFESSIONAL WORKFORCE DEV I","0","10","1","Z3","SC076","C","I","H","SYNC","Y"," 900-1100AM","M","WC7","","","EL MESALAMI,AYMAN","","24","7","3","SYNC","13-MAY-24","02-AUG-24","20","0","20"
"12","36590","CS","410","PROFESSIONAL WORKFORCE DEV I","3","15","3","X1","SC077","A","I","B","ASYN","Y","HOURS ARR","","WEB2","","","EL MESALAMI,AYMAN","","24","7","3","ASYN","13-MAY-24","02-AUG-24","20","0","20"
"17","36591","CS","410","PROFESSIONAL WORKFORCE DEV I","3","20","3","Y1","SC077","A","I","E","ASYN","Y","HOURS ARR","","WEB5","","","EL MESALAMI,AYMAN","","24","7","3","ASYN","13-MAY-24","02-AUG-24","20","0","20"
"9","36592","CS","410","PROFESSIONAL WORKFORCE DEV I","3","10","1","Z1","SC077","A","I","H","ASYN","Y","HOURS ARR","","WEB7","","","EL MESALAMI,AYMAN","","24","7","3","ASYN","13-MAY-24","02-AUG-24","20","0","20"
"8","33869","CS","417","COMPUTATIONAL METH & SOFTWARE","3","25","17","","SC019","A","I","B","SYNC","Y"," 200- 355PM","MW","WC2","","O","KENNEDY,THOMAS","","50","41","3","SYNC","13-MAY-24","02-AUG-24","20","0","20"
"9","33870","CS","417","COMPUTATIONAL METH & SOFTWARE","3","25","15","","SC019","A","I","E","SYNC","Y"," 200- 355PM","MW","WC5","","O","KENNEDY,THOMAS","","50","41","3","SYNC","13-MAY-24","02-AUG-24","20","0","20"
"9","33982","CS","417","COMPUTATIONAL METH & SOFTWARE","3","25","4","","SC019","A","I","H","SYNC","Y"," 200- 355PM","MW","WC7","","O","KENNEDY,THOMAS","","50","41","3","SYNC","13-MAY-24","02-AUG-24","20","0","20"
"0","33071","CS","462","CYBERSECURITY FUNDAMENTALS","3","30","10","","SC020","A","I","B","ASYN","Y","HOURS ARR","","WEB2","","","ZEHRA,SUSAN","","30","30","3","ASYN","13-MAY-24","02-AUG-24","20","0","20"
"0","33072","CS","462","CYBERSECURITY FUNDAMENTALS","3","30","15","","SC020","A","I","E","ASYN","Y","HOURS ARR","","WEB5","","","ZEHRA,SUSAN","","30","30","3","ASYN","13-MAY-24","02-AUG-24","20","0","20"
"0","33073","CS","462","CYBERSECURITY FUNDAMENTALS","3","30","2","","SC020","A","I","H","ASYN","Y","HOURS ARR","","WEB7","","","ZEHRA,SUSAN","","30","30","3","ASYN","13-MAY-24","02-AUG-24","20","0","20"
"0","33553","CS","462","CYBERSECURITY FUNDAMENTALS","3","30","8","","SC021","A","I","B","ASYN","Y","HOURS ARR","","WEB2","","","ZEHRA,SUSAN","","30","30","3","ASYN","13-MAY-24","02-AUG-24","20","0","20"
"0","33554","CS","462","CYBERSECURITY FUNDAMENTALS","3","30","15","","SC021","A","I","E","ASYN","Y","HOURS ARR","","WEB5","","","ZEHRA,SUSAN","","30","30","3","ASYN","13-MAY-24","02-AUG-24","20","0","20"
"0","33555","CS","462","CYBERSECURITY FUNDAMENTALS","3","30","7","","SC021","A","I","H","ASYN","Y","HOURS ARR","","WEB7","","","ZEHRA,SUSAN","","30","30","3","ASYN","13-MAY-24","02-AUG-24","20","0","20"
"7","35521","CS","462","CYBERSECURITY FUNDAMENTALS","3","30","4","","SC071","A","I","B","ASYN","Y","HOURS ARR","","WEB2","","","ZEHRA,SUSAN","","30","23","3","ASYN","13-MAY-24","02-AUG-24","20","0","20"
"7","35523","CS","462","CYBERSECURITY FUNDAMENTALS","3","30","5","","SC071","A","I","E","ASYN","Y","HOURS ARR","","WEB5","","","ZEHRA,SUSAN","","30","23","3","ASYN","13-MAY-24","02-AUG-24","20","0","20"
"7","35525","CS","462","CYBERSECURITY FUNDAMENTALS","3","30","1","","SC071","A","I","H","ASYN","Y","HOURS ARR","","WEB7","","","ZEHRA,SUSAN","","30","23","3","ASYN","13-MAY-24","02-AUG-24","20","0","20"
"1","34324","CS","463","CRYPTOGRAPHY FOR CYBERSECURITY","3","30","6","","SC070","A","I","B","ASYN","Y","HOURS ARR","","WEB2","","","IBRAHIM,SOAD","","30","29","3","ASYN","13-MAY-24","02-AUG-24","20","0","20"
"1","34325","CS","463","CRYPTOGRAPHY FOR CYBERSECURITY","3","30","11","","SC070","A","I","E","ASYN","Y","HOURS ARR","","WEB5","","","IBRAHIM,SOAD","","30","29","3","ASYN","13-MAY-24","02-AUG-24","20","0","20"
"1","34326","CS","463","CRYPTOGRAPHY FOR CYBERSECURITY","3","30","2","","SC070","A","I","H","ASYN","Y","HOURS ARR","","WEB7","","","IBRAHIM,SOAD","","30","29","3","ASYN","13-MAY-24","02-AUG-24","20","0","20"
"6","36437","CS","465","INFO ASSURANCE-CYBERSECURITY","3","8","2","","SC260","A","I","B","ASYN","Y","HOURS ARR","","WEB2","","","NUKAVARAPU,SANTOSH KUMAR","","30","24","3","ASYN","13-MAY-24","02-AUG-24","20","0","20"
"6","36438","CS","465","INFO ASSURANCE-CYBERSECURITY","3","30","4","","SC260","A","I","E","ASYN","Y","HOURS ARR","","WEB5","","","NUKAVARAPU,SANTOSH KUMAR","","30","24","3","ASYN","13-MAY-24","02-AUG-24","20","0","20"
"6","36439","CS","465","INFO ASSURANCE-CYBERSECURITY","3","30","3","","SC260","A","I","H","ASYN","Y","HOURS ARR","","WEB7","","","NUKAVARAPU,SANTOSH KUMAR","","30","24","3","ASYN","13-MAY-24","02-AUG-24","20","0","20"
"0","32034","CS","471","OPERATING SYSTEMS","3","35","14","","SC199","A","I","B","ASYN","Y","HOURS ARR","","WEB2","","","MUKKAMALA,RAVI","","35","35","1","ASYN","13-MAY-24","22-JUN-24","20","0","20"
"0","32035","CS","471","OPERATING SYSTEMS","3","35","14","","SC199","A","I","E","ASYN","Y","HOURS ARR","","WEB5","","","MUKKAMALA,RAVI","","35","35","1","ASYN","13-MAY-24","22-JUN-24","20","0","20"
"0","32036","CS","471","OPERATING SYSTEMS","3","35","3","","SC199","A","I","H","ASYN","Y","HOURS ARR","","WEB7","","","MUKKAMALA,RAVI","","35","35","1","ASYN","13-MAY-24","22-JUN-24","20","0","20"
"10","32318","CS","497","INDEPENDENT STUDY","3","10","0","","","E","","A","ASYN","Y","HOURS ARR","","TBA","TBA","","BRUNELLE,JANET","","","0","2","ASYN","24-JUN-24","03-AUG-24","0","0","0"
"10","32329","CS","497","INDEPENDENT STUDY","3","10","0","","","E","","A","ASYN","Y","HOURS ARR","","TBA","TBA","","ZUBAIR,MOHAMMAD","","","0","2","ASYN","24-JUN-24","03-AUG-24","0","0","0"
"3","32333","CS","497","INDEPENDENT STUDY","3","3","0","","","E","I","H","ASYN","Y","HOURS ARR","","IND7","","","KENNEDY,THOMAS","IN","","0","2","ASYN","24-JUN-24","03-AUG-24","0","0","0"
"10","32334","CS","497","INDEPENDENT STUDY","3","10","0","","","E","","A","ASYN","Y","HOURS ARR","","TBA","TBA","","RANJAN,DESH","","","0","2","ASYN","24-JUN-24","03-AUG-24","0","0","0"
"10","32344","CS","497","INDEPEND STUDY:BIOINFORMATICS","3","10","0","","","E","","A","ASYN","Y","HOURS ARR","","TBA","TBA","","HE,JING","","","0","2","ASYN","24-JUN-24","03-AUG-24","0","0","0"
"5","33069","CS","497","INDEPENDENT STUDY","1","5","0","","","E","","A","ASYN","Y","HOURS ARR","","TBA","TBA","","MORRIS,JAY","IN","","0","3","ASYN","13-MAY-24","02-AUG-24","0","0","0"
"5","34008","CS","497","INDEPENDENT STUDY","3","5","0","","","E","","A","ASYN","Y","HOURS ARR","","TBA","TBA","","KENNEDY,THOMAS","","","0","3","ASYN","13-MAY-24","02-AUG-24","0","0","0"
"9","33875","CS","517","COMPUTATIONAL METH & SOFTWARE","3","25","1","","SC019","A","I","O","SYNC","Y"," 200- 355PM","MW","WC2","","O","KENNEDY,THOMAS","","50","41","3","SYNC","13-MAY-24","02-AUG-24","20","0","20"
"9","33876","CS","517","COMPUTATIONAL METH & SOFTWARE","3","25","4","","SC019","A","I","R","SYNC","Y"," 200- 355PM","MW","WC5","","O","KENNEDY,THOMAS","","50","41","3","SYNC","13-MAY-24","02-AUG-24","20","0","20"
"9","33877","CS","517","COMPUTATIONAL METH & SOFTWARE","3","25","0","","SC019","A","I","U","SYNC","Y"," 200- 355PM","MW","WC7","","O","KENNEDY,THOMAS","","50","41","3","SYNC","13-MAY-24","02-AUG-24","20","0","20"
"0","33075","CS","562","CYBERSECURITY FUNDAMENTALS","3","30","2","","SC020","A","I","O","ASYN","Y","HOURS ARR","","WEB2","","","ZEHRA,SUSAN","","30","30","3","ASYN","13-MAY-24","02-AUG-24","20","0","20"
"0","33076","CS","562","CYBERSECURITY FUNDAMENTALS","3","30","1","","SC020","A","I","R","ASYN","Y","HOURS ARR","","WEB5","","","ZEHRA,SUSAN","","30","30","3","ASYN","13-MAY-24","02-AUG-24","20","0","20"
"0","33077","CS","562","CYBERSECURITY FUNDAMENTALS","3","30","0","","SC020","A","I","U","ASYN","Y","HOURS ARR","","WEB7","","","IBRAHIM,SOAD","","30","30","3","ASYN","13-MAY-24","02-AUG-24","20","0","20"
"7","35526","CS","562","CYBERSECURITY FUNDAMENTALS","3","30","9","","SC071","A","I","O","ASYN","Y","HOURS ARR","","WEB2","","","ZEHRA,SUSAN","","30","23","3","ASYN","13-MAY-24","02-AUG-24","20","0","20"
"7","35527","CS","562","CYBERSECURITY FUNDAMENTALS","3","30","4","","SC071","A","I","R","ASYN","Y","HOURS ARR","","WEB5","","","ZEHRA,SUSAN","","30","23","3","ASYN","13-MAY-24","02-AUG-24","20","0","20"
"1","34327","CS","563","CRYPTOGRAPHY FOR CYBERSECURITY","3","30","6","","SC070","A","I","O","ASYN","Y","HOURS ARR","","WEB2","","","IBRAHIM,SOAD","","30","29","3","ASYN","13-MAY-24","02-AUG-24","20","0","20"
"1","34328","CS","563","CRYPTOGRAPHY FOR CYBERSECURITY","3","30","3","","SC070","A","I","R","ASYN","Y","HOURS ARR","","WEB5","","","IBRAHIM,SOAD","","30","29","3","ASYN","13-MAY-24","02-AUG-24","20","0","20"
"1","34329","CS","563","CRYPTOGRAPHY FOR CYBERSECURITY","3","30","1","","SC070","A","I","U","ASYN","Y","HOURS ARR","","WEB7","","","IBRAHIM,SOAD","","30","29","3","ASYN","13-MAY-24","02-AUG-24","20","0","20"
"5","36440","CS","565","INFO ASSURANCE-CYBERSECURITY","3","8","3","","SC260","A","I","O","ASYN","Y","HOURS ARR","","WEB2","","","NUKAVARAPU,SANTOSH KUMAR","","30","24","3","ASYN","13-MAY-24","02-AUG-24","20","0","20"
"6","36441","CS","565","INFO ASSURANCE-CYBERSECURITY","3","30","11","","SC260","A","I","R","ASYN","Y","HOURS ARR","","WEB5","","","NUKAVARAPU,SANTOSH KUMAR","","30","24","3","ASYN","13-MAY-24","02-AUG-24","20","0","20"
"6","36442","CS","565","INFO ASSURANCE-CYBERSECURITY","3","30","1","","SC260","A","I","U","ASYN","Y","HOURS ARR","","WEB7","","","NUKAVARAPU,SANTOSH KUMAR","","30","24","3","ASYN","13-MAY-24","02-AUG-24","20","0","20"
"0","35756","CS","571","OPERATING SYSTEMS","3","10","2","","SC199","A","I","O","ASYN","Y","HOURS ARR","","WEB2","","","MUKKAMALA,RAVI","","35","35","1","ASYN","13-MAY-24","22-JUN-24","20","0","20"
"0","35757","CS","571","OPERATING SYSTEMS","3","10","2","","SC199","A","I","R","ASYN","Y","HOURS ARR","","WEB5","","","MUKKAMALA,RAVI","","35","35","1","ASYN","13-MAY-24","22-JUN-24","20","0","20"
"0","35758","CS","571","OPERATING SYSTEMS","3","5","0","","SC199","A","I","U","ASYN","Y","HOURS ARR","","WEB7","","","MUKKAMALA,RAVI","","35","35","1","ASYN","13-MAY-24","22-JUN-24","20","0","20"
"5","33070","CS","597","INDEPENDENT STUDY","1","5","0","","","E","","N","ASYN","Y","HOURS ARR","","TBA","TBA","","MORRIS,JAY","IN","","0","3","ASYN","13-MAY-24","02-AUG-24","0","0","0"
"15","35531","CS","620","INTRO-DATA SCIENCE & ANALYTICS","3","15","0","","SC072","A","I","O","SYNC","N"," 600- 930PM","TR","WC2","","","HE,YI","","30","0","2","SYNC","24-JUN-24","03-AUG-24","20","0","20"
"30","35535","CS","620","INTRO-DATA SCIENCE & ANALYTICS","3","30","0","","SC072","A","I","R","SYNC","N"," 600- 930PM","TR","WC5","","","HE,YI","","30","0","2","SYNC","24-JUN-24","03-AUG-24","20","0","20"
"30","35537","CS","620","INTRO-DATA SCIENCE & ANALYTICS","3","30","0","","SC072","A","I","U","SYNC","N"," 600- 930PM","TR","WC7","","","HE,YI","","30","0","2","SYNC","24-JUN-24","03-AUG-24","20","0","20"
"0","36434","CS","624","DATA ANALYTICS AND BIG DATA","3","15","15","","SC259","A","I","O","SYNC","Y"," 530- 900PM","W","WC2","","","NUKAVARAPU,SANTOSH KUMAR","","30","23","3","SYNC","13-MAY-24","02-AUG-24","20","0","20"
"7","36435","CS","624","DATA ANALYTICS AND BIG DATA","3","30","6","","SC259","A","I","R","SYNC","Y"," 530- 900PM","W","WC5","","","NUKAVARAPU,SANTOSH KUMAR","","30","23","3","SYNC","13-MAY-24","02-AUG-24","20","0","20"
"7","36436","CS","624","DATA ANALYTICS AND BIG DATA","3","30","2","","SC259","A","I","U","SYNC","Y"," 530- 900PM","W","WC7","","","NUKAVARAPU,SANTOSH KUMAR","","30","23","3","SYNC","13-MAY-24","02-AUG-24","20","0","20"
"19","36007","CS","668","INTERNSHIP","1","20","1","","","J","","N","PRACT","Y","HOURS ARR","","TBA","TBA","","WEIGLE,MICHELE","IN","","1","2","ASYN","24-JUN-24","03-AUG-24","0","0","0"
"20","36008","CS","668","INTERNSHIP","2","20","0","","","J","","N","PRACT","Y","HOURS ARR","","TBA","TBA","","WEIGLE,MICHELE","IN","","0","2","ASYN","24-JUN-24","03-AUG-24","0","0","0"
"20","36009","CS","668","INTERNSHIP","3","20","0","","","J","","N","PRACT","Y","HOURS ARR","","TBA","TBA","","WEIGLE,MICHELE","IN","","0","2","ASYN","24-JUN-24","03-AUG-24","0","0","0"
"12","32246","CS","690","COLLOQUIUM","1","15","3","","","A","","N","ASYN","Y","HOURS ARR","","TBA","TBA","","STAFF","","","3","2","ASYN","24-JUN-24","03-AUG-24","0","0","0"
"45","33048","CS","690","COLLOQUIUM","1","50","1","","SC057","A","I","O","ASYN","Y","HOURS ARR","","WEB2","","","STAFF","","50","5","3","ASYN","13-MAY-24","02-AUG-24","20","0","20"
"45","33049","CS","690","COLLOQUIUM","1","50","4","","SC057","A","I","R","ASYN","Y","HOURS ARR","","WEB5","","","STAFF","","50","5","3","ASYN","13-MAY-24","02-AUG-24","20","0","20"
"45","33050","CS","690","COLLOQUIUM","1","50","0","","SC057","A","I","U","ASYN","Y","HOURS ARR","","WEB7","","","STAFF","","50","5","3","ASYN","13-MAY-24","02-AUG-24","20","0","20"
"20","30084","CS","697","INDEPENDENT STUDY IN C S","3","20","0","","","E","","N","IND","Y","HOURS ARR","","TBA","TBA","","CHERNIKOV,ANDREY","IN","","0","2","ASYN","24-JUN-24","03-AUG-24","0","0","0"
"20","30085","CS","697","INDEPENDENT STUDY IN C S","3","20","0","","","E","","N","IND","Y","HOURS ARR","","TBA","TBA","","RANJAN,DESH","IN","","0","2","ASYN","24-JUN-24","03-AUG-24","0","0","0"
"20","30086","CS","697","INDEPENDENT STUDY IN C S","3","20","0","","","E","","N","IND","Y","HOURS ARR","","TBA","TBA","","HE,JING","IN","","0","2","ASYN","24-JUN-24","03-AUG-24","0","0","0"
"20","30087","CS","697","INDEPENDENT STUDY IN C S","3","20","0","","","E","","N","IND","Y","HOURS ARR","","TBA","TBA","","NELSON,MICHAEL","IN","","0","2","ASYN","24-JUN-24","03-AUG-24","0","0","0"
"20","30088","CS","697","INDEPENDENT STUDY IN C S","3","20","0","","","E","","N","IND","Y","HOURS ARR","","TBA","TBA","","WEIGLE,MICHELE","IN","","0","2","ASYN","24-JUN-24","03-AUG-24","0","0","0"
"16","30089","CS","697","INDEPENDENT STUDY IN C S","3","20","4","","","E","","N","IND","Y","HOURS ARR","","TBA","TBA","","MUKKAMALA,RAVI","IN","","4","2","ASYN","24-JUN-24","03-AUG-24","0","0","0"
"18","30090","CS","697","INDEPENDENT STUDY IN C S","3","20","2","","","E","","N","IND","Y","HOURS ARR","","TBA","TBA","","HAO,SHUAI","IN","","2","2","ASYN","24-JUN-24","03-AUG-24","0","0","0"
"20","30091","CS","697","INDEPENDENT STUDY IN C S","3","20","0","","","E","","N","IND","Y","HOURS ARR","","TBA","TBA","","CHRISOCHOID,NICOLAOS","IN","","0","2","ASYN","24-JUN-24","03-AUG-24","0","0","0"
"20","30092","CS","697","INDEPENDENT STUDY IN C S","3","20","0","","","E","","N","IND","Y","HOURS ARR","","TBA","TBA","","OLARIU,STEPHAN","IN","","0","2","ASYN","24-JUN-24","03-AUG-24","0","0","0"
"20","30093","CS","697","INDEPENDENT STUDY IN C S","3","20","0","","","E","","N","IND","Y","HOURS ARR","","TBA","TBA","","STAFF","IN","","0","2","ASYN","24-JUN-24","03-AUG-24","0","0","0"
"19","30094","CS","697","INDEPENDENT STUDY IN C S","1","20","1","","","E","","N","IND","Y","HOURS ARR","","TBA","TBA","","LI,YAOHANG","IN","","1","2","ASYN","24-JUN-24","03-AUG-24","0","0","0"
"20","30095","CS","697","INDEPENDENT STUDY IN C S","3","20","0","","","E","","N","IND","Y","HOURS ARR","","TBA","TBA","","ZEIL,STEVEN","IN","","0","2","ASYN","24-JUN-24","03-AUG-24","0","0","0"
"20","30096","CS","697","INDEPENDENT STUDY IN C S","3","20","0","","","E","","N","IND","Y","HOURS ARR","","TBA","TBA","","ZUBAIR,MOHAMMAD","IN","","0","2","ASYN","24-JUN-24","03-AUG-24","0","0","0"
"3","30966","CS","697","INDEPENDENT STUDY IN C S","3","5","2","","","E","","N","IND","Y","HOURS ARR","","TBA","TBA","","GANJIGUNTE ,VIKAS","IN","","2","3","ASYN","13-MAY-24","02-AUG-24","0","0","0"
"1","35178","CS","697","INDEPENDENT STUDY IN C S","3","5","4","","","E","","N","ASYN","Y","HOURS ARR","","TBA","TBA","","IBRAHIM,SOAD","","","4","3","ASYN","13-MAY-24","02-AUG-24","0","0","0"
"20","30097","CS","698","MASTER'S PROJECT","3","20","0","","","I","","N","ASYN","Y","HOURS ARR","","TBA","TBA","","CHERNIKOV,ANDREY","IN","","0","2","ASYN","24-JUN-24","03-AUG-24","0","0","0"
"20","30098","CS","698","MASTER'S PROJECT","3","20","0","","","I","","N","ASYN","Y","HOURS ARR","","TBA","TBA","","RANJAN,DESH","IN","","0","2","ASYN","24-JUN-24","03-AUG-24","0","0","0"
"20","30099","CS","698","MASTER'S PROJECT","3","20","0","","","I","","N","ASYN","Y","HOURS ARR","","TBA","TBA","","HE,JING","IN","","0","2","ASYN","24-JUN-24","03-AUG-24","0","0","0"
"20","30100","CS","698","MASTER'S PROJECT","3","20","0","","","I","","N","ASYN","Y","HOURS ARR","","TBA","TBA","","NELSON,MICHAEL","IN","","0","2","ASYN","24-JUN-24","03-AUG-24","0","0","0"
"20","30101","CS","698","MASTER'S PROJECT","3","20","0","","","I","","N","ASYN","Y","HOURS ARR","","TBA","TBA","","MUKKAMALA,RAVI","IN","","0","1","ASYN","13-MAY-24","22-JUN-24","0","0","0"
"20","30102","CS","698","MASTER'S PROJECT","3","20","0","","","I","","N","ASYN","Y","HOURS ARR","","TBA","TBA","","WEIGLE,MICHELE","IN","","0","2","ASYN","24-JUN-24","03-AUG-24","0","0","0"
"20","30103","CS","698","MASTER'S PROJECT","3","20","0","","","I","","N","ASYN","Y","HOURS ARR","","TBA","TBA","","WANG,CONG","IN","","0","2","ASYN","24-JUN-24","03-AUG-24","0","0","0"
"20","30104","CS","698","MASTER'S PROJECT","3","20","0","","","I","","N","ASYN","Y","HOURS ARR","","TBA","TBA","","CHRISOCHOID,NICOLAOS","IN","","0","2","ASYN","24-JUN-24","03-AUG-24","0","0","0"
"20","30105","CS","698","MASTER'S PROJECT","3","20","0","","","I","","N","ASYN","Y","HOURS ARR","","TBA","TBA","","OLARIU,STEPHAN","IN","","0","2","ASYN","24-JUN-24","03-AUG-24","0","0","0"
"20","30106","CS","698","MASTER'S PROJECT","3","20","0","","","I","","N","ASYN","Y","HOURS ARR","","TBA","TBA","","STAFF","IN","","0","2","ASYN","24-JUN-24","03-AUG-24","0","0","0"
"20","30107","CS","698","MASTER'S PROJECT","3","20","0","","","I","","N","ASYN","Y","HOURS ARR","","TBA","TBA","","STAFF","IN","","0","2","ASYN","24-JUN-24","03-AUG-24","0","0","0"
"20","30108","CS","698","MASTER'S PROJECT","3","20","0","","","I","","N","ASYN","Y","HOURS ARR","","TBA","TBA","","LI,YAOHANG","IN","","0","2","ASYN","24-JUN-24","03-AUG-24","0","0","0"
"20","30109","CS","698","MASTER'S PROJECT","3","20","0","","","I","","N","ASYN","Y","HOURS ARR","","TBA","TBA","","ZEIL,STEVEN","IN","","0","2","ASYN","24-JUN-24","03-AUG-24","0","0","0"
"20","30110","CS","698","MASTER'S PROJECT","3","20","0","","","I","","N","ASYN","Y","HOURS ARR","","TBA","TBA","","ZUBAIR,MOHAMMAD","IN","","0","2","ASYN","24-JUN-24","03-AUG-24","0","0","0"
"5","30111","CS","699","THESIS RESEARCH","3","5","0","","","I","","N","ASYN","Y","HOURS ARR","","TBA","TBA","","CHERNIKOV,ANDREY","IN","","0","2","ASYN","24-JUN-24","03-AUG-24","0","0","0"
"5","30112","CS","699","THESIS RESEARCH","3","5","0","","","I","","N","ASYN","Y","HOURS ARR","","TBA","TBA","","RANJAN,DESH","IN","","0","2","ASYN","24-JUN-24","03-AUG-24","0","0","0"
"4","30113","CS","699","THESIS RESEARCH","3","5","1","","","I","","N","ASYN","Y","HOURS ARR","","TBA","TBA","","WU,JIAN","IN","","1","2","ASYN","24-JUN-24","03-AUG-24","0","0","0"
"5","30114","CS","699","THESIS RESEARCH","3","5","0","","","I","","N","ASYN","Y","HOURS ARR","","TBA","TBA","","HE,JING","IN","","0","2","ASYN","24-JUN-24","03-AUG-24","0","0","0"
"5","30115","CS","699","THESIS RESEARCH","3","5","0","","","I","","N","ASYN","Y","HOURS ARR","","TBA","TBA","","NELSON,MICHAEL","IN","","0","2","ASYN","24-JUN-24","03-AUG-24","0","0","0"
"5","30116","CS","699","THESIS RESEARCH","3","5","0","","","I","","N","ASYN","Y","HOURS ARR","","TBA","TBA","","MUKKAMALA,RAVI","IN","","0","2","ASYN","24-JUN-24","03-AUG-24","0","0","0"
"4","30117","CS","699","THESIS RESEARCH","3","5","1","","","I","","N","ASYN","Y","HOURS ARR","","TBA","TBA","","WEIGLE,MICHELE","IN","","1","2","ASYN","24-JUN-24","03-AUG-24","0","0","0"
"5","30118","CS","699","THESIS RESEARCH","3","5","0","","","I","","N","ASYN","Y","HOURS ARR","","TBA","TBA","","WANG,CONG","IN","","0","2","ASYN","24-JUN-24","03-AUG-24","0","0","0"
"4","30119","CS","699","THESIS RESEARCH","3","5","1","","","I","","N","ASYN","Y","HOURS ARR","","TBA","TBA","","CHRISOCHOID,NICOLAOS","IN","","1","2","ASYN","24-JUN-24","03-AUG-24","0","0","0"
"5","30120","CS","699","THESIS RESEARCH","3","5","0","","","I","","N","ASYN","Y","HOURS ARR","","TBA","TBA","","OLARIU,STEPHAN","IN","","0","2","ASYN","24-JUN-24","03-AUG-24","0","0","0"
"5","30121","CS","699","THESIS RESEARCH","3","5","0","","","I","","N","ASYN","Y","HOURS ARR","","TBA","TBA","","LI,YAOHANG","IN","","0","2","ASYN","24-JUN-24","03-AUG-24","0","0","0"
"5","30122","CS","699","THESIS RESEARCH","3","5","0","","","I","","N","ASYN","Y","HOURS ARR","","TBA","TBA","","ZEIL,STEVEN","IN","","0","2","ASYN","24-JUN-24","03-AUG-24","0","0","0"
"5","30123","CS","699","THESIS RESEARCH","3","5","0","","","I","","N","ASYN","Y","HOURS ARR","","TBA","TBA","","ZUBAIR,MOHAMMAD","IN","","0","2","ASYN","24-JUN-24","03-AUG-24","0","0","0"
"5","30971","CS","699","THESIS RESEARCH","3","5","0","","","I","","N","ASYN","Y","HOURS ARR","","TBA","TBA","","LI,YAOHANG","IN","","0","2","ASYN","24-JUN-24","03-AUG-24","0","0","0"
"11","31502","CS","773","DATA MINING AND SECURITY","3","30","4","","SC185","A","I","O","ASYN","Y","HOURS ARR","","WEB2","","","MUKKAMALA,RAVI","","30","19","1","ASYN","13-MAY-24","22-JUN-24","20","0","20"
"11","31503","CS","773","DATA MINING AND SECURITY","3","30","4","","SC185","A","I","R","ASYN","Y","HOURS ARR","","WEB5","","","MUKKAMALA,RAVI","","30","19","1","ASYN","13-MAY-24","22-JUN-24","20","0","20"
"11","31504","CS","773","DATA MINING AND SECURITY","3","30","2","","SC185","A","I","U","ASYN","Y","HOURS ARR","","WEB7","","","MUKKAMALA,RAVI","","30","19","1","ASYN","13-MAY-24","22-JUN-24","20","0","20"
"11","31505","CS","873","DATA MINING AND SECURITY","3","30","9","","SC185","A","I","O","ASYN","Y","HOURS ARR","","WEB2","","","MUKKAMALA,RAVI","","30","19","1","ASYN","13-MAY-24","22-JUN-24","20","0","20"
"11","31506","CS","873","DATA MINING AND SECURITY","3","30","0","","SC185","A","I","R","ASYN","Y","HOURS ARR","","WEB5","","","MUKKAMALA,RAVI","","30","19","1","ASYN","13-MAY-24","22-JUN-24","20","0","20"
"11","31507","CS","873","DATA MINING AND SECURITY","3","30","0","","SC185","A","I","U","ASYN","Y","HOURS ARR","","WEB7","","","MUKKAMALA,RAVI","","30","19","1","ASYN","13-MAY-24","22-JUN-24","20","0","20"
"4","35996","CS","898","DOCTORAL RESEARCH","3","5","1","","","I","","N","TH/DS","Y","HOURS ARR","","TBA","TBA","","WU,JIAN","IN","","1","3","ASYN","13-MAY-24","02-AUG-24","0","0","0"
"4","35997","CS","898","DOCTORAL RESEARCH","3","5","1","","","I","","N","TH/DS","Y","HOURS ARR","","TBA","TBA","","HAO,SHUAI","IN","","1","3","ASYN","13-MAY-24","02-AUG-24","0","0","0"
"4","35998","CS","898","DOCTORAL RESEARCH","3","5","1","","","I","","N","TH/DS","Y","HOURS ARR","","TBA","TBA","","WEIGLE,MICHELE","IN","","1","3","ASYN","13-MAY-24","02-AUG-24","0","0","0"
"5","35999","CS","898","DOCTORAL RESEARCH","3","5","0","","","I","","N","TH/DS","Y","HOURS ARR","","TBA","TBA","","STAFF","IN","","0","3","ASYN","13-MAY-24","02-AUG-24","0","0","0"
"5","36000","CS","898","DOCTORAL RESEARCH","3","5","0","","","I","","N","TH/DS","Y","HOURS ARR","","TBA","TBA","","STAFF","IN","","0","3","ASYN","13-MAY-24","02-AUG-24","0","0","0"
"5","36001","CS","898","DOCTORAL RESEARCH","3","5","0","","","I","","N","TH/DS","Y","HOURS ARR","","TBA","TBA","","STAFF","IN","","0","3","ASYN","13-MAY-24","02-AUG-24","0","0","0"
"19","30151","CS","899","DOCTORAL DISSERTATION","1","20","1","","","I","","N","ASYN","Y","HOURS ARR","","TBA","TBA","","ZUBAIR,MOHAMMAD","","","1","2","ASYN","24-JUN-24","03-AUG-24","0","0","0"
"20","30152","CS","899","DOCTORAL DISSERTATION","2","20","0","","","I","","N","ASYN","Y","HOURS ARR","","TBA","TBA","","ZUBAIR,MOHAMMAD","","","0","2","ASYN","24-JUN-24","03-AUG-24","0","0","0"
"19","30153","CS","899","DOCTORAL DISSERTATION","3","20","1","","","I","","N","ASYN","Y","HOURS ARR","","TBA","TBA","","CHERNIKOV,ANDREY","","","1","2","ASYN","24-JUN-24","03-AUG-24","0","0","0"
"20","30154","CS","899","DOCTORAL DISSERTATION","3","20","0","","","I","","N","TH/DS","Y","HOURS ARR","","TBA","TBA","","RANJAN,DESH","","","0","2","ASYN","24-JUN-24","03-AUG-24","0","0","0"
"18","30155","CS","899","DOCTORAL DISSERTATION","3","20","2","","","I","","N","ASYN","Y","HOURS ARR","","TBA","TBA","","HE,JING","","","2","2","ASYN","24-JUN-24","03-AUG-24","0","0","0"
"18","30156","CS","899","DOCTORAL DISSERTATION","3","20","2","","","I","","N","ASYN","Y","HOURS ARR","","TBA","TBA","","NELSON,MICHAEL","","","2","2","ASYN","24-JUN-24","03-AUG-24","0","0","0"
"20","30157","CS","899","DOCTORAL DISSERTATION","3","20","0","","","I","","N","ASYN","Y","HOURS ARR","","TBA","TBA","","MUKKAMALA,RAVI","","","0","2","ASYN","24-JUN-24","03-AUG-24","0","0","0"
"18","30158","CS","899","DOCTORAL DISSERTATION","3","20","2","","","I","","N","ASYN","Y","HOURS ARR","","TBA","TBA","","WEIGLE,MICHELE","","","2","2","ASYN","24-JUN-24","03-AUG-24","0","0","0"
"16","30159","CS","899","DOCTORAL DISSERTATION","3","20","4","","","I","","N","ASYN","Y","HOURS ARR","","TBA","TBA","","LI,LUSI","","","4","2","ASYN","24-JUN-24","03-AUG-24","0","0","0"
"20","30160","CS","899","DOCTORAL DISSERTATION","3","20","0","","","I","","N","ASYN","Y","HOURS ARR","","TBA","TBA","","CHRISOCHOID,NICOLAOS","","","0","2","ASYN","24-JUN-24","03-AUG-24","0","0","0"
"20","30161","CS","899","DOCTORAL DISSERTATION","3","20","0","","","I","","N","ASYN","Y","HOURS ARR","","TBA","TBA","","OLARIU,STEPHAN","","","0","2","ASYN","24-JUN-24","03-AUG-24","0","0","0"
"18","30162","CS","899","DOCTORAL DISSERTATION","3","20","2","","","I","","N","ASYN","Y","HOURS ARR","","TBA","TBA","","SUN,JIANGWEN","","","2","2","ASYN","24-JUN-24","03-AUG-24","0","0","0"
"19","30163","CS","899","DOCTORAL DISSERTATION","3","20","1","","","I","","N","ASYN","Y","HOURS ARR","","TBA","TBA","","GANJIGUNTE ,VIKAS","","","1","2","ASYN","24-JUN-24","03-AUG-24","0","0","0"
"20","30164","CS","899","DOCTORAL DISSERTATION","3","20","0","","","I","","N","ASYN","Y","HOURS ARR","","TBA","TBA","","LI,YAOHANG","","","0","2","ASYN","24-JUN-24","03-AUG-24","0","0","0"
"19","30165","CS","899","DOCTORAL DISSERTATION","3","20","1","","","I","","N","ASYN","Y","HOURS ARR","","TBA","TBA","","HAO,SHUAI","","","1","2","ASYN","24-JUN-24","03-AUG-24","0","0","0"
"17","30166","CS","899","DOCTORAL DISSERTATION","1","20","3","","","I","","N","ASYN","Y","HOURS ARR","","TBA","TBA","","WU,JIAN","","","3","2","ASYN","24-JUN-24","03-AUG-24","0","0","0"
"20","30167","CS","899","DOCTORAL DISSERTATION","6","20","0","","","I","","N","ASYN","Y","HOURS ARR","","TBA","TBA","","CHERNIKOV,ANDREY","","","0","2","ASYN","24-JUN-24","03-AUG-24","0","0","0"
"18","30168","CS","899","DOCTORAL DISSERTATION","1","20","2","","","I","","N","ASYN","Y","HOURS ARR","","TBA","TBA","","RANJAN,DESH","","","2","2","ASYN","24-JUN-24","03-AUG-24","0","0","0"
"20","30169","CS","899","DOCTORAL DISSERTATION","6","20","0","","","I","","N","TH/DS","Y","HOURS ARR","","TBA","TBA","","CHERNIKOV,ANDREY","","","0","2","ASYN","24-JUN-24","03-AUG-24","0","0","0"
"18","30170","CS","899","DOCTORAL DISSERTATION","1","20","2","","","I","","N","ASYN","Y","HOURS ARR","","TBA","TBA","","HE,JING","","","2","2","ASYN","24-JUN-24","03-AUG-24","0","0","0"
"20","30171","CS","899","DOCTORAL DISSERTATION","6","20","0","","","I","","N","ASYN","Y","HOURS ARR","","TBA","TBA","","NELSON,MICHAEL","","","0","2","ASYN","24-JUN-24","03-AUG-24","0","0","0"
"20","30172","CS","899","DOCTORAL DISSERTATION","6","20","0","","","I","","N","ASYN","Y","HOURS ARR","","TBA","TBA","","WEIGLE,MICHELE","","","0","2","ASYN","24-JUN-24","03-AUG-24","0","0","0"
"18","30173","CS","899","DOCTORAL DISSERTATION","1","20","2","","","I","","N","ASYN","Y","HOURS ARR","","TBA","TBA","","MUKKAMALA,RAVI","","","2","2","ASYN","24-JUN-24","03-AUG-24","0","0","0"
"20","30174","CS","899","DOCTORAL DISSERTATION","6","20","0","","","I","","N","ASYN","Y","HOURS ARR","","TBA","TBA","","WANG,CONG","","","0","2","ASYN","24-JUN-24","03-AUG-24","0","0","0"
"20","30175","CS","899","DOCTORAL DISSERTATION","6","20","0","","","I","","N","ASYN","Y","HOURS ARR","","TBA","TBA","","CHRISOCHOID,NICOLAOS","","","0","2","ASYN","24-JUN-24","03-AUG-24","0","0","0"
"18","30176","CS","899","DOCTORAL DISSERTATION","1","20","2","","","I","","N","ASYN","Y","HOURS ARR","","TBA","TBA","","OLARIU,STEPHAN","","","2","2","ASYN","24-JUN-24","03-AUG-24","0","0","0"
"20","30177","CS","899","DOCTORAL DISSERTATION","9","20","0","","","I","","N","ASYN","Y","HOURS ARR","","TBA","TBA","","SUN,JIANGWEN","","","0","2","ASYN","24-JUN-24","03-AUG-24","0","0","0"
"20","30178","CS","899","DOCTORAL DISSERTATION","1","20","0","","","I","","N","ASYN","Y","HOURS ARR","","TBA","TBA","","LI,LUSI","","","0","2","ASYN","24-JUN-24","03-AUG-24","0","0","0"
"20","30179","CS","899","DOCTORAL DISSERTATION","6","20","0","","","I","","N","ASYN","Y","HOURS ARR","","TBA","TBA","","LI,YAOHANG","","","0","2","ASYN","24-JUN-24","03-AUG-24","0","0","0"
"20","30180","CS","899","DOCTORAL DISSERTATION","6","20","0","","","I","","N","ASYN","Y","HOURS ARR","","TBA","TBA","","ZEIL,STEVEN","","","0","2","ASYN","24-JUN-24","03-AUG-24","0","0","0"
"20","30181","CS","899","DOCTORAL DISSERTATION","6","20","0","","","I","","N","ASYN","Y","HOURS ARR","","TBA","TBA","","ZUBAIR,MOHAMMAD","","","0","2","ASYN","24-JUN-24","03-AUG-24","0","0","0"
"4","30948","CS","899","DOCTORAL DISSERTATION","1","5","1","","","I","","N","ASYN","Y","HOURS ARR","","TBA","TBA","","WEIGLE,MICHELE","","","1","2","ASYN","24-JUN-24","03-AUG-24","0","0","0"
"4","31006","CS","899","DOCTORAL DISSERTATION","1","5","1","","","I","","N","ASYN","Y","HOURS ARR","","TBA","TBA","","GANJIGUNTE ,VIKAS","","","1","2","ASYN","24-JUN-24","03-AUG-24","0","0","0"
"4","31007","CS","899","DOCTORAL DISSERTATION","1","5","1","","","I","","N","ASYN","Y","HOURS ARR","","TBA","TBA","","HE,YI","","","1","2","ASYN","24-JUN-24","03-AUG-24","0","0","0"
"4","31168","CS","899","DOCTORAL DISSERTATION","1","5","1","","","I","","N","ASYN","Y","HOURS ARR","","TBA","TBA","","NELSON,MICHAEL","","","1","2","ASYN","24-JUN-24","03-AUG-24","0","0","0"
"4","32753","CS","899","DOCTORAL DISSERTATION","1","5","1","","","I","","N","ASYN","Y","HOURS ARR","","TBA","TBA","","SUN,JIANGWEN","","","1","2","ASYN","24-JUN-24","03-AUG-24","0","0","0"
"5","32755","CS","899","DOCTORAL DISSERTATION","2","5","0","","","I","","N","ASYN","Y","HOURS ARR","","TBA","TBA","","WEIGLE,MICHELE","","","0","2","ASYN","24-JUN-24","03-AUG-24","0","0","0"
"-1","32768","CS","899","DOCTORAL DISSERTATION","1","1","2","","","I","","N","ASYN","Y","HOURS ARR","","TBA","TBA","","HAO,SHUAI","","","2","2","ASYN","24-JUN-24","03-AUG-24","0","0","0"
"2","33135","CS","899","DOCTORAL DISSERTATION","1","5","3","","","I","","N","ASYN","Y","HOURS ARR","","TBA","TBA","","LI,YAOHANG","IN","","3","3","ASYN","13-MAY-24","02-AUG-24","0","0","0"
"4","33633","CS","899","DOCTORAL DISSERTATION","3","5","1","","","I","","N","ASYN","Y","HOURS ARR","","TBA","TBA","","JAYARATHNA,SAMPATH","IN","","1","3","ASYN","13-MAY-24","02-AUG-24","0","0","0"
"1","34144","CS","899","DOCTORAL DISSERTATION","1","5","4","","","I","","N","ASYN","Y","HOURS ARR","","TBA","TBA","","JAYARATHNA,SAMPATH","IN","","4","3","ASYN","13-MAY-24","02-AUG-24","0","0","0"
"20","30182","CS","999","DOCTORAL GRADUATE CREDIT","1","20","0","","","E","","N","IND","Y","HOURS ARR","","TBA","TBA","","STAFF","","","0","2","ASYN","24-JUN-24","03-AUG-24","0","0","0"," "
